{"cameraMode":{"drawMode":0,"name":"Shaded","section":"Shading Mode"},"sceneLighting":false,"audioPlay":false,"sceneViewState":{"m_AlwaysRefresh":false,"showFog":true,"showSkybox":false,"showFlares":true,"showImageEffects":true,"showParticleSystems":true,"showVisualEffectGraphs":true,"m_FxEnabled":true},"in2DMode":false,"pivot":{"x":0.27610304951667788,"y":-0.055478502064943317,"z":0.23574553430080415},"rotation":{"x":-0.058360811322927478,"y":-0.4791076183319092,"z":0.03201688453555107,"w":-0.875285804271698},"size":0.33503979444503786,"orthographic":false}