{"cameraMode":{"drawMode":0,"name":"Shaded","section":"Shading Mode"},"sceneLighting":false,"audioPlay":false,"sceneViewState":{"m_AlwaysRefresh":false,"showFog":true,"showSkybox":false,"showFlares":true,"showImageEffects":true,"showParticleSystems":true,"showVisualEffectGraphs":true,"m_FxEnabled":true},"in2DMode":false,"pivot":{"x":-2.509950876235962,"y":0.7948132753372192,"z":-2.2422852516174318},"rotation":{"x":0.02216396853327751,"y":-0.9347944259643555,"z":0.05894462764263153,"w":0.3497588336467743},"size":2.8421361446380617,"orthographic":false}