{"cameraMode":{"drawMode":0,"name":"Shaded","section":"Shading Mode"},"sceneLighting":false,"audioPlay":false,"sceneViewState":{"m_AlwaysRefresh":false,"showFog":true,"showSkybox":false,"showFlares":true,"showImageEffects":true,"showParticleSystems":true,"showVisualEffectGraphs":true,"m_FxEnabled":true},"in2DMode":false,"pivot":{"x":0.3909440040588379,"y":-0.17972630262374879,"z":0.5701010227203369},"rotation":{"x":-0.1058301255106926,"y":-0.25749123096466067,"z":0.028491687029600145,"w":-0.9601163864135742},"size":0.8986636996269226,"orthographic":false}