{"cameraMode":{"drawMode":0,"name":"Shaded","section":"Shading Mode"},"sceneLighting":false,"audioPlay":false,"sceneViewState":{"m_AlwaysRefresh":false,"showFog":true,"showSkybox":false,"showFlares":true,"showImageEffects":true,"showParticleSystems":true,"showVisualEffectGraphs":true,"m_FxEnabled":true},"in2DMode":false,"pivot":{"x":-0.22890427708625794,"y":0.44726747274398806,"z":-0.6202704906463623},"rotation":{"x":0.006525782402604818,"y":0.9902251958847046,"z":-0.1308807134628296,"w":0.04948076233267784},"size":1.5471711158752442,"orthographic":false}