{"cameraMode":{"drawMode":0,"name":"Shaded","section":"Shading Mode"},"sceneLighting":false,"audioPlay":false,"sceneViewState":{"m_AlwaysRefresh":false,"showFog":true,"showSkybox":false,"showFlares":true,"showImageEffects":true,"showParticleSystems":true,"showVisualEffectGraphs":true,"m_FxEnabled":true},"in2DMode":false,"pivot":{"x":1.5492486953735352,"y":-0.310451865196228,"z":1.078446388244629},"rotation":{"x":0.10218305140733719,"y":0.8951117992401123,"z":-0.26812705397605898,"w":0.34140095114707949},"size":2.9434263706207277,"orthographic":false}