{"cameraMode":{"drawMode":0,"name":"Shaded","section":"Shading Mode"},"sceneLighting":false,"audioPlay":false,"sceneViewState":{"m_AlwaysRefresh":false,"showFog":true,"showSkybox":false,"showFlares":true,"showImageEffects":true,"showParticleSystems":true,"showVisualEffectGraphs":true,"m_FxEnabled":true},"in2DMode":false,"pivot":{"x":0.3425584137439728,"y":-0.03878162056207657,"z":0.3958003520965576},"rotation":{"x":0.037916067987680438,"y":0.7967846393585205,"z":-0.050280243158340457,"w":0.6011138558387756},"size":0.40051499009132388,"orthographic":false}